{"cameraMode":{"drawMode":0,"name":"Shaded","section":"Shading Mode"},"sceneLighting":true,"audioPlay":false,"sceneViewState":{"showFog":true,"showMaterialUpdate":false,"showSkybox":true,"showFlares":true,"showImageEffects":true,"showParticleSystems":true},"in2DMode":false,"pivot":{"x":15.874771118164063,"y":-3.6298675537109377,"z":109.50060272216797},"rotation":{"x":0.18133734166622163,"y":-0.5548419952392578,"z":0.12542127072811128,"w":0.8022074103355408},"size":125.23371887207031,"orthographic":false}