{"cameraMode":{"drawMode":0,"name":"Shaded","section":"Shading Mode"},"sceneLighting":false,"audioPlay":false,"sceneViewState":{"showFog":true,"showMaterialUpdate":false,"showSkybox":false,"showFlares":true,"showImageEffects":true,"showParticleSystems":true},"in2DMode":false,"pivot":{"x":-0.9800000190734863,"y":-0.050000011920928958,"z":0.9900000095367432},"rotation":{"x":0.03103611432015896,"y":0.9309591054916382,"z":-0.08148998022079468,"w":0.35455790162086489},"size":2.8578836917877199,"orthographic":false}